iter	Accuracy	Logloss
0	0.7820343461	0.6822507387
100	0.8692206077	0.3609176403
200	0.8771466314	0.3221781141
300	0.8956406869	0.2960682284
400	0.9141347424	0.2693969723
500	0.9233817701	0.244501219
600	0.9392338177	0.2208410754
700	0.9458388375	0.2046628017
800	0.9511228534	0.1872949629
900	0.9577278732	0.1732351198
999	0.963011889	0.1601109405
